serial_no,loglevel,status,inscript,dhatu.pada,dhatu.gaRa,lakshana,dhatu_mod,krt_pratyaya,mod_krt_pratyaya,pratyaya,exp_result,outscript,sutras
1,0,,DEVANAGARI,ऋधुँ ,दिवादि,ऋधुँ  वृद्धौ,ऋध्  ,क्यप्,य,क्यप्,ऋध्य,SLP1,"13002, 31110, 13003, 13008, 11005"
2,0,,DEVANAGARI,भिक्षँ,भ्वादि,भिक्षँ भिक्षायामलाभे लाभे च,भिक्ष्,उ,उ,उ,भिक्षु,SLP1,"13002, 32168"
3,0,,DEVANAGARI,ग्रहँ,क्र्यादि,ग्रहँ उपादाने,ग्रह्,णिनिँ,इन्,णिनिँ,ग्राहिन्,SLP1,"13002, 31134, 13002, 13007, 72116"
4,0,,DEVANAGARI,पूङ्,भ्वादि,पूङ् पवने,पू,शानन्,आन,शानन्,पवमान,SLP1,"13003, 32128, 13003, 13008, 31068, 13003, 13008, 73084, 61078, , 72082, 13003, 13002"
5,0,,DEVANAGARI,भुजँ,रुधादि,भुजँ पालनाभ्यवहारयोः,भुज्,चानश्,आन,चानश्,भुञ्जान,SLP1,"13002, 32129, 13007, 13008, 31078, 13003, 13008, 64111, 83024, 84058"
6,0,,DEVANAGARI,पा,भ्वादि,पा पाने,पा,श,अ,श,पिब,SLP1,"31137, 13008, 73078, 61097"
7,0,,DEVANAGARI,पा,भ्वादि,पा पाने,पा,शध्यैन्,अध्यै,शध्यैन्,पिबध्यै,SLP1,"34009, 13003, 13008, 73078, 61097"
8,0,,DEVANAGARI,णिदिँ,भ्वादि,णिदिँ कुत्सायाम्भ्वादिः,निन्द्,वुञ्,वु,वुञ्,निन्दक,SLP1,"61065, 71058, 13003, 13002, 32146, 13003, 71001"
9,0,,DEVANAGARI,ज्वलँ,भ्वादि,ज्वलँ दीप्तौ,ज्वल्,ण,अ ,ण,ज्वाल,SLP1,"13002, 31140, 13007, 72116"
10,0,,DEVANAGARI,शमुँ,दिवादि,शमुँ उपशमे,शम्,घिनुँण्,इन्,घिनुँण्,शमिन्,SLP1,"13002, 32141, 13003, 13002, 13008, 73034"
11,0,,DEVANAGARI,लषँ,भ्वादि,लषँ कान्तौ,लष्,उकञ्,उक,उकञ्,लाषुक,SLP1,"13002, 32154, 13003, 72116"
12,0,,DEVANAGARI,वा,अदादि,वा गतिगन्धनयोः,वा,उण्,उ,उण्,वायु,SLP1,"33001, 13003, 73033, 13003, 13002"
13,0,,DEVANAGARI,ष्टुञ्,अदादि,ष्टुञ् स्तुतौ,स्तु,क्यप्,य,क्यप्,स्तुत्य,SLP1,"13003, 61064, 31109, 13003, 13008, 61071, 13003, 13002"
14,0,,DEVANAGARI,नृतीँ,दिवादि,नृतीँ गात्रविक्षेपे,नृत्,ष्वुन्,वु,ष्वुन्,नर्तक,SLP1,"13002, 31145, 13003, 13006, 71001, 73086"
15,0,,DEVANAGARI,लूञ्,क्र्यादि,लूञ् छेदने,लू,वुन्,वु,वुन्,लवक,SLP1,"13003, 31149, 13003, 71001, 73084, 61078"
16,0,,DEVANAGARI,जल्पँ,भ्वादि,जल्पँ व्यक्तायां वाचि,जल्प्,षाकन्,आक,षाकन्,जल्पाक,SLP1,"13002, 32155, 13003, 13006"
17,0,,DEVANAGARI,गण,चुरादि,गण स॒ङ्ख्याने॑,गण,तृच्,तृ,तृच्,गणयितृ,SLP1,
18,0,,DEVANAGARI,गण,चुरादि,गण स॒ङ्ख्याने॑,गण,तव्यत्,तव्य,तव्यत्,गणयितव्य,SLP1,
19,0,,DEVANAGARI,गण,चुरादि,गण स॒ङ्ख्याने॑,गण,यक्,य,यक्,-,SLP1,
20,0,,DEVANAGARI,गण,चुरादि,गण स॒ङ्ख्याने॑,गण,शतृँ,अत्,शतृँ,गणयत्,SLP1,
21,0,,DEVANAGARI,गण,चुरादि,गण स॒ङ्ख्याने॑,गण,शानच्,आन,शानच्,,SLP1,
22,0,,DEVANAGARI,गण,चुरादि,गण स॒ङ्ख्याने॑,गण,घञ्,अ,घञ्,,SLP1,
23,0,,DEVANAGARI,गण,चुरादि,गण स॒ङ्ख्याने॑,गण,ण्वुल्,अक,ण्वुल्,गणक,SLP1,
24,0,,DEVANAGARI,गण,चुरादि,गण स॒ङ्ख्याने॑,गण,ण्यत्,य,ण्यत्,,SLP1,
25,0,,DEVANAGARI,गण,चुरादि,गण स॒ङ्ख्याने॑,गण,ल्युट्,अन,ल्युट्,गणन,SLP1,
26,0,,DEVANAGARI,गण,चुरादि,गण स॒ङ्ख्याने॑,गण,यत्,य,यत्,गण्य,SLP1,
27,0,,DEVANAGARI,गण,चुरादि,गण स॒ङ्ख्याने॑,गण,क्त,त,क्त,गणित,SLP1,
28,0,,DEVANAGARI,गण,चुरादि,गण स॒ङ्ख्याने॑,गण,क्तवतुँ,तवत्,क्तवतुँ,गणितवत्,SLP1,
29,0,,DEVANAGARI,गण,चुरादि,गण स॒ङ्ख्याने॑,गण,अनीयर्,अनीय,अनीयर्,गणनीय,SLP1,
30,0,,DEVANAGARI,गण,चुरादि,गण स॒ङ्ख्याने॑,गण,तुमुँन्,तुम्,तुमुँन्,गणयितुम्,SLP1,
31,0,,DEVANAGARI,गण,चुरादि,गण स॒ङ्ख्याने॑,गण,णमुँल्,अम्,णमुँल्,गणम्,SLP1,
32,0,,DEVANAGARI,गण,चुरादि,गण स॒ङ्ख्याने॑,गण,क्त्वा,त्वा,क्त्वा,गणयित्वा,SLP1,
33,0,,DEVANAGARI,गण,चुरादि,गण स॒ङ्ख्याने॑,गण,अप्,अ,अप्,,SLP1,
34,0,,DEVANAGARI,गण,चुरादि,गण स॒ङ्ख्याने॑,गण,अच्,अ,अच्,गण,SLP1,
35,0,,DEVANAGARI,गण,चुरादि,गण स॒ङ्ख्याने॑,गण,युच्,अन,युच्,गणन,SLP1,
36,0,,DEVANAGARI,गण,चुरादि,गण स॒ङ्ख्याने॑,गण,क्तिन्,ति,क्तिन्,,SLP1,
37,0,,DEVANAGARI,गण,चुरादि,गण स॒ङ्ख्याने॑,गण,क्विँप्,वि,क्विँप्,गाण्,SLP1,
38,0,,DEVANAGARI,गण,चुरादि,गण स॒ङ्ख्याने॑,गण,तव्य,तव्य,तव्य,गणयितव्य,SLP1,
39,0,,DEVANAGARI,गण,चुरादि,गण स॒ङ्ख्याने॑,गण,ण्युट्,अन,ण्युट्,,SLP1,
40,0,,DEVANAGARI,गण,चुरादि,गण स॒ङ्ख्याने॑,गण,थकन्,थक,थकन्,,SLP1,
41,0,,DEVANAGARI,गण,चुरादि,गण स॒ङ्ख्याने॑,गण,अ,अ,अ,,SLP1,
42,0,,DEVANAGARI,माङ्,जुहोत्यादि,माङ् माने शब्दे च,मा,तृच्,तृ,तृच्,मातृ,SLP1,
43,0,,DEVANAGARI,माङ्,जुहोत्यादि,माङ् माने शब्दे च,मा,तव्यत्,तव्य,तव्यत्,मातव्य,SLP1,
44,0,,DEVANAGARI,माङ्,जुहोत्यादि,माङ् माने शब्दे च,मा,यक्,य,यक्,,SLP1,
45,0,,DEVANAGARI,माङ्,जुहोत्यादि,माङ् माने शब्दे च,मा,शतृँ,अत्,शतृँ,,SLP1,
46,0,,DEVANAGARI,माङ्,जुहोत्यादि,माङ् माने शब्दे च,मा,शानच्,आन,शानच्,मिमान,SLP1,
47,0,,DEVANAGARI,माङ्,जुहोत्यादि,माङ् माने शब्दे च,मा,घञ्,अ,घञ्,माय,SLP1,
48,0,,DEVANAGARI,माङ्,जुहोत्यादि,माङ् माने शब्दे च,मा,ण्वुल्,अक,ण्वुल्,मायक,SLP1,
49,0,,DEVANAGARI,माङ्,जुहोत्यादि,माङ् माने शब्दे च,मा,ण्यत्,य,ण्यत्,,SLP1,
50,0,,DEVANAGARI,माङ्,जुहोत्यादि,माङ् माने शब्दे च,मा,ल्युट्,अन,ल्युट्,मान,SLP1,
51,0,,DEVANAGARI,माङ्,जुहोत्यादि,माङ् माने शब्दे च,मा,यत्,य,यत्,मेय,SLP1,
52,0,,DEVANAGARI,माङ्,जुहोत्यादि,माङ् माने शब्दे च,मा,क्त,त,क्त,मित,SLP1,
53,0,,DEVANAGARI,माङ्,जुहोत्यादि,माङ् माने शब्दे च,मा,क्तवतुँ,तवत्,क्तवतुँ,मितवत्,SLP1,
54,0,,DEVANAGARI,माङ्,जुहोत्यादि,माङ् माने शब्दे च,मा,अनीयर्,अनीय,अनीयर्,मानीय,SLP1,
55,0,,DEVANAGARI,माङ्,जुहोत्यादि,माङ् माने शब्दे च,मा,तुमुँन्,तुम्,तुमुँन्,मातुम्,SLP1,
56,0,,DEVANAGARI,माङ्,जुहोत्यादि,माङ् माने शब्दे च,मा,णमुँल्,अम्,णमुँल्,मायम्,SLP1,
57,0,,DEVANAGARI,माङ्,जुहोत्यादि,माङ् माने शब्दे च,मा,क्त्वा,त्वा,क्त्वा,मित्वा/मित्त्वा,SLP1,
58,0,,DEVANAGARI,माङ्,जुहोत्यादि,माङ् माने शब्दे च,मा,अप्,अ,अप्,,SLP1,
59,0,,DEVANAGARI,माङ्,जुहोत्यादि,माङ् माने शब्दे च,मा,अच्,अ,अच्,,SLP1,
60,0,,DEVANAGARI,माङ्,जुहोत्यादि,माङ् माने शब्दे च,मा,युच्,अन,युच्,,SLP1,
61,0,,DEVANAGARI,माङ्,जुहोत्यादि,माङ् माने शब्दे च,मा,क्तिन्,ति,क्तिन्,मिति,SLP1,
62,0,,DEVANAGARI,माङ्,जुहोत्यादि,माङ् माने शब्दे च,मा,क्विँप्,वि,क्विँप्,-,SLP1,
63,0,,DEVANAGARI,माङ्,जुहोत्यादि,माङ् माने शब्दे च,मा,तव्य,तव्य,तव्य,मातव्य,SLP1,
64,0,,DEVANAGARI,माङ्,जुहोत्यादि,माङ् माने शब्दे च,मा,ण्युट्,अन,ण्युट्,,SLP1,
65,0,,DEVANAGARI,माङ्,जुहोत्यादि,माङ् माने शब्दे च,मा,थकन्,थक,थकन्,,SLP1,
66,0,,DEVANAGARI,माङ्,जुहोत्यादि,माङ् माने शब्दे च,मा,अ,अ,अ,,SLP1,
67,0,,DEVANAGARI,पूङ्,भ्वादि,पूङ् पवने,पू,तृच्,तृ,तृच्,पवितृ,SLP1,
68,0,,DEVANAGARI,पूङ्,भ्वादि,पूङ् पवने,पू,तव्यत्,तव्य,तव्यत्,पवितव्य,SLP1,
69,0,,DEVANAGARI,पूङ्,भ्वादि,पूङ् पवने,पू,यक्,य,यक्,,SLP1,
70,0,,DEVANAGARI,पूङ्,भ्वादि,पूङ् पवने,पू,शतृँ,अत्,शतृँ,,SLP1,
71,0,,DEVANAGARI,पूङ्,भ्वादि,पूङ् पवने,पू,शानच्,आन,शानच्,पवमान,SLP1,
72,0,,DEVANAGARI,पूङ्,भ्वादि,पूङ् पवने,पू,घञ्,अ,घञ्,,SLP1,
73,0,,DEVANAGARI,पूङ्,भ्वादि,पूङ् पवने,पू,ण्वुल्,अक,ण्वुल्,पावक,SLP1,
74,0,,DEVANAGARI,पूङ्,भ्वादि,पूङ् पवने,पू,ण्यत्,य,ण्यत्,,SLP1,
75,0,,DEVANAGARI,पूङ्,भ्वादि,पूङ् पवने,पू,ल्युट्,अन,ल्युट्,पावन/पवन,SLP1,
76,0,,DEVANAGARI,पूङ्,भ्वादि,पूङ् पवने,पू,यत्,य,यत्,पव्य,SLP1,
77,0,,DEVANAGARI,पूङ्,भ्वादि,पूङ् पवने,पू,क्त,त,क्त,पवित/पूत/पून,SLP1,
78,0,,DEVANAGARI,पूङ्,भ्वादि,पूङ् पवने,पू,क्तवतुँ,तवत्,क्तवतुँ,पूतवत्/पूनवत्/पवितवत्,SLP1,
79,0,,DEVANAGARI,पूङ्,भ्वादि,पूङ् पवने,पू,अनीयर्,अनीय,अनीयर्,पवनीय,SLP1,
80,0,,DEVANAGARI,पूङ्,भ्वादि,पूङ् पवने,पू,तुमुँन्,तुम्,तुमुँन्,पवितुम्,SLP1,
81,0,,DEVANAGARI,पूङ्,भ्वादि,पूङ् पवने,पू,णमुँल्,अम्,णमुँल्,पावम्,SLP1,
82,0,,DEVANAGARI,पूङ्,भ्वादि,पूङ् पवने,पू,क्त्वा,त्वा,क्त्वा,पूत्त्वा/पवित्वा/पवित्त्वा,SLP1,
83,0,,DEVANAGARI,पूङ्,भ्वादि,पूङ् पवने,पू,अप्,अ,अप्,पव,SLP1,
84,0,,DEVANAGARI,पूङ्,भ्वादि,पूङ् पवने,पू,अच्,अ,अच्,,SLP1,
85,0,,DEVANAGARI,पूङ्,भ्वादि,पूङ् पवने,पू,युच्,अन,युच्,,SLP1,
86,0,,DEVANAGARI,पूङ्,भ्वादि,पूङ् पवने,पू,क्तिन्,ति,क्तिन्,पूति,SLP1,
87,0,,DEVANAGARI,पूङ्,भ्वादि,पूङ् पवने,पू,क्विँप्,वि,क्विँप्,पू,SLP1,
88,0,,DEVANAGARI,पूङ्,भ्वादि,पूङ् पवने,पू,तव्य,तव्य,तव्य,पवितव्य,SLP1,
89,0,,DEVANAGARI,पूङ्,भ्वादि,पूङ् पवने,पू,ण्युट्,अन,ण्युट्,,SLP1,
90,0,,DEVANAGARI,पूङ्,भ्वादि,पूङ् पवने,पू,थकन्,थक,थकन्,,SLP1,
91,0,,DEVANAGARI,पूङ्,भ्वादि,पूङ् पवने,पू,अ,अ,अ,,SLP1,
92,0,,DEVANAGARI,गै,भ्वादि,गै शब्दे,गै,तृच्,तृ,तृच्,गातृ,SLP1,
93,0,,DEVANAGARI,गै,भ्वादि,गै शब्दे,गै,तव्यत्,तव्य,तव्यत्,गातव्य,SLP1,
94,0,,DEVANAGARI,गै,भ्वादि,गै शब्दे,गै,यक्,य,यक्,,SLP1,
95,0,,DEVANAGARI,गै,भ्वादि,गै शब्दे,गै,शतृँ,अत्,शतृँ,गायत्,SLP1,
96,0,,DEVANAGARI,गै,भ्वादि,गै शब्दे,गै,शानच्,आन,शानच्,,SLP1,
97,0,,DEVANAGARI,गै,भ्वादि,गै शब्दे,गै,घञ्,अ,घञ्,गाय,SLP1,
98,0,,DEVANAGARI,गै,भ्वादि,गै शब्दे,गै,ण्वुल्,अक,ण्वुल्,गायक,SLP1,
99,0,,DEVANAGARI,गै,भ्वादि,गै शब्दे,गै,ण्यत्,य,ण्यत्,,SLP1,
100,0,,DEVANAGARI,गै,भ्वादि,गै शब्दे,गै,ल्युट्,अन,ल्युट्,गान,SLP1,
101,0,,DEVANAGARI,गै,भ्वादि,गै शब्दे,गै,यत्,य,यत्,गेय,SLP1,
102,0,,DEVANAGARI,गै,भ्वादि,गै शब्दे,गै,क्त,त,क्त,गीत,SLP1,
103,0,,DEVANAGARI,गै,भ्वादि,गै शब्दे,गै,क्तवतुँ,तवत्,क्तवतुँ,गीतवत्,SLP1,
104,0,,DEVANAGARI,गै,भ्वादि,गै शब्दे,गै,अनीयर्,अनीय,अनीयर्,गानीय,SLP1,
105,0,,DEVANAGARI,गै,भ्वादि,गै शब्दे,गै,तुमुँन्,तुम्,तुमुँन्,गातुम्,SLP1,
106,0,,DEVANAGARI,गै,भ्वादि,गै शब्दे,गै,णमुँल्,अम्,णमुँल्,गायम्,SLP1,
107,0,,DEVANAGARI,गै,भ्वादि,गै शब्दे,गै,क्त्वा,त्वा,क्त्वा,गीत्वा/गीत्त्वा,SLP1,
108,0,,DEVANAGARI,गै,भ्वादि,गै शब्दे,गै,अप्,अ,अप्,,SLP1,
109,0,,DEVANAGARI,गै,भ्वादि,गै शब्दे,गै,अच्,अ,अच्,,SLP1,
110,0,,DEVANAGARI,गै,भ्वादि,गै शब्दे,गै,युच्,अन,युच्,,SLP1,
111,0,,DEVANAGARI,गै,भ्वादि,गै शब्दे,गै,क्तिन्,ति,क्तिन्,गीति,SLP1,
112,0,,DEVANAGARI,गै,भ्वादि,गै शब्दे,गै,क्विँप्,वि,क्विँप्,,SLP1,
113,0,,DEVANAGARI,गै,भ्वादि,गै शब्दे,गै,तव्य,तव्य,तव्य,गातव्य,SLP1,
114,0,,DEVANAGARI,गै,भ्वादि,गै शब्दे,गै,ण्युट्,अन,ण्युट्,गायन,SLP1,
115,0,,DEVANAGARI,गै,भ्वादि,गै शब्दे,गै,थकन्,थक,थकन्,गाथक,SLP1,
116,0,,DEVANAGARI,गै,भ्वादि,गै शब्दे,गै,अ,अ,अ,,SLP1,
117,0,,DEVANAGARI,पठँ,भ्वादि,पठँ व्यक्तायां वाचि,पठ्,तृच्,तृ,तृच्,पठितृ,SLP1,
118,0,,DEVANAGARI,पठँ,भ्वादि,पठँ व्यक्तायां वाचि,पठ्,तव्यत्,तव्य,तव्यत्,पठितव्य,SLP1,
119,0,,DEVANAGARI,पठँ,भ्वादि,पठँ व्यक्तायां वाचि,पठ्,यक्,य,यक्,,SLP1,
120,0,,DEVANAGARI,पठँ,भ्वादि,पठँ व्यक्तायां वाचि,पठ्,शतृँ,अत्,शतृँ,पठत्,SLP1,
121,0,,DEVANAGARI,पठँ,भ्वादि,पठँ व्यक्तायां वाचि,पठ्,शानच्,आन,शानच्,,SLP1,
122,0,,DEVANAGARI,पठँ,भ्वादि,पठँ व्यक्तायां वाचि,पठ्,घञ्,अ,घञ्,पाठ,SLP1,
123,0,,DEVANAGARI,पठँ,भ्वादि,पठँ व्यक्तायां वाचि,पठ्,ण्वुल्,अक,ण्वुल्,पाठक,SLP1,
124,0,,DEVANAGARI,पठँ,भ्वादि,पठँ व्यक्तायां वाचि,पठ्,ण्यत्,य,ण्यत्,पाठ्य,SLP1,
125,0,,DEVANAGARI,पठँ,भ्वादि,पठँ व्यक्तायां वाचि,पठ्,ल्युट्,अन,ल्युट्,पठन,SLP1,
126,0,,DEVANAGARI,पठँ,भ्वादि,पठँ व्यक्तायां वाचि,पठ्,यत्,य,यत्,,SLP1,
127,0,,DEVANAGARI,पठँ,भ्वादि,पठँ व्यक्तायां वाचि,पठ्,क्त,त,क्त,पठित,SLP1,
128,0,,DEVANAGARI,पठँ,भ्वादि,पठँ व्यक्तायां वाचि,पठ्,क्तवतुँ,तवत्,क्तवतुँ,पठितवत्,SLP1,
129,0,,DEVANAGARI,पठँ,भ्वादि,पठँ व्यक्तायां वाचि,पठ्,अनीयर्,अनीय,अनीयर्,पठनीय,SLP1,
130,0,,DEVANAGARI,पठँ,भ्वादि,पठँ व्यक्तायां वाचि,पठ्,तुमुँन्,तुम्,तुमुँन्,पठितुम्,SLP1,
131,0,,DEVANAGARI,पठँ,भ्वादि,पठँ व्यक्तायां वाचि,पठ्,णमुँल्,अम्,णमुँल्,पाठम्,SLP1,
132,0,,DEVANAGARI,पठँ,भ्वादि,पठँ व्यक्तायां वाचि,पठ्,क्त्वा,त्वा,क्त्वा,पठित्वा/पठित्त्वा,SLP1,
133,0,,DEVANAGARI,पठँ,भ्वादि,पठँ व्यक्तायां वाचि,पठ्,अप्,अ,अप्,,SLP1,
134,0,,DEVANAGARI,पठँ,भ्वादि,पठँ व्यक्तायां वाचि,पठ्,अच्,अ,अच्,,SLP1,
135,0,,DEVANAGARI,पठँ,भ्वादि,पठँ व्यक्तायां वाचि,पठ्,युच्,अन,युच्,,SLP1,
136,0,,DEVANAGARI,पठँ,भ्वादि,पठँ व्यक्तायां वाचि,पठ्,क्तिन्,ति,क्तिन्,पठ्टि,SLP1,
137,0,,DEVANAGARI,पठँ,भ्वादि,पठँ व्यक्तायां वाचि,पठ्,क्विँप्,वि,क्विँप्,,SLP1,
138,0,,DEVANAGARI,पठँ,भ्वादि,पठँ व्यक्तायां वाचि,पठ्,तव्य,तव्य,तव्य,,SLP1,
139,0,,DEVANAGARI,पठँ,भ्वादि,पठँ व्यक्तायां वाचि,पठ्,ण्युट्,अन,ण्युट्,,SLP1,
140,0,,DEVANAGARI,पठँ,भ्वादि,पठँ व्यक्तायां वाचि,पठ्,थकन्,थक,थकन्,,SLP1,
141,0,,DEVANAGARI,पठँ,भ्वादि,पठँ व्यक्तायां वाचि,पठ्,अ,अ,अ,,SLP1,
142,0,,DEVANAGARI,दुहँ,अदादि,दुहँ प्रपूरणे,दुह्,तृच्,तृ,तृच्,दोग्धृ,SLP1,
143,0,,DEVANAGARI,दुहँ,अदादि,दुहँ प्रपूरणे,दुह्,तव्यत्,तव्य,तव्यत्,दोग्धव्य,SLP1,
144,0,,DEVANAGARI,दुहँ,अदादि,दुहँ प्रपूरणे,दुह्,यक्,य,यक्,,SLP1,
145,0,,DEVANAGARI,दुहँ,अदादि,दुहँ प्रपूरणे,दुह्,शतृँ,अत्,शतृँ,दुहत्,SLP1,
146,0,,DEVANAGARI,दुहँ,अदादि,दुहँ प्रपूरणे,दुह्,शानच्,आन,शानच्,दुहान,SLP1,
147,0,,DEVANAGARI,दुहँ,अदादि,दुहँ प्रपूरणे,दुह्,घञ्,अ,घञ्,दोह,SLP1,
148,0,,DEVANAGARI,दुहँ,अदादि,दुहँ प्रपूरणे,दुह्,ण्वुल्,अक,ण्वुल्,दोहक,SLP1,
149,0,,DEVANAGARI,दुहँ,अदादि,दुहँ प्रपूरणे,दुह्,ण्यत्,य,ण्यत्,दुह्य/दोह्य,SLP1,
150,0,,DEVANAGARI,दुहँ,अदादि,दुहँ प्रपूरणे,दुह्,ल्युट्,अन,ल्युट्,दोहन,SLP1,
151,0,,DEVANAGARI,दुहँ,अदादि,दुहँ प्रपूरणे,दुह्,यत्,य,यत्,,SLP1,
152,0,,DEVANAGARI,दुहँ,अदादि,दुहँ प्रपूरणे,दुह्,क्त,त,क्त,दुग्ध,SLP1,
153,0,,DEVANAGARI,दुहँ,अदादि,दुहँ प्रपूरणे,दुह्,क्तवतुँ,तवत्,क्तवतुँ,दुग्धवत्,SLP1,
154,0,,DEVANAGARI,दुहँ,अदादि,दुहँ प्रपूरणे,दुह्,अनीयर्,अनीय,अनीयर्,दोहनीय,SLP1,
155,0,,DEVANAGARI,दुहँ,अदादि,दुहँ प्रपूरणे,दुह्,तुमुँन्,तुम्,तुमुँन्,दोग्धुम्,SLP1,
156,0,,DEVANAGARI,दुहँ,अदादि,दुहँ प्रपूरणे,दुह्,णमुँल्,अम्,णमुँल्,दोहम्,SLP1,
157,0,,DEVANAGARI,दुहँ,अदादि,दुहँ प्रपूरणे,दुह्,क्त्वा,त्वा,क्त्वा,दुग्ध्वा,SLP1,
158,0,,DEVANAGARI,दुहँ,अदादि,दुहँ प्रपूरणे,दुह्,अप्,अ,अप्,,SLP1,
159,0,,DEVANAGARI,दुहँ,अदादि,दुहँ प्रपूरणे,दुह्,अच्,अ,अच्,,SLP1,
160,0,,DEVANAGARI,दुहँ,अदादि,दुहँ प्रपूरणे,दुह्,युच्,अन,युच्,,SLP1,
161,0,,DEVANAGARI,दुहँ,अदादि,दुहँ प्रपूरणे,दुह्,क्तिन्,ति,क्तिन्,दुग्धि,SLP1,
162,0,,DEVANAGARI,दुहँ,अदादि,दुहँ प्रपूरणे,दुह्,क्विँप्,वि,क्विँप्,दुह्,SLP1,
163,0,,DEVANAGARI,दुहँ,अदादि,दुहँ प्रपूरणे,दुह्,तव्य,तव्य,तव्य,दोग्धव्य,SLP1,
164,0,,DEVANAGARI,दुहँ,अदादि,दुहँ प्रपूरणे,दुह्,ण्युट्,अन,ण्युट्,,SLP1,
165,0,,DEVANAGARI,दुहँ,अदादि,दुहँ प्रपूरणे,दुह्,थकन्,थक,थकन्,,SLP1,
166,0,,DEVANAGARI,दुहँ,अदादि,दुहँ प्रपूरणे,दुह्,अ,अ,अ,,SLP1,
167,0,,DEVANAGARI,गर्वँ ,भ्वादि,गर्वँ दर्पे॑,गर्व्,तृच्,तृ,तृच्,गर्वितृ,SLP1,
168,0,,DEVANAGARI,गर्वँ ,भ्वादि,गर्वँ दर्पे॑,गर्व्,तव्यत्,तव्य,तव्यत्,गर्वितव्य,SLP1,
169,0,,DEVANAGARI,गर्वँ ,भ्वादि,गर्वँ दर्पे॑,गर्व्,यक्,य,यक्,,SLP1,
170,0,,DEVANAGARI,गर्वँ ,भ्वादि,गर्वँ दर्पे॑,गर्व्,शतृँ,अत्,शतृँ,गर्वत्,SLP1,
171,0,,DEVANAGARI,गर्वँ ,भ्वादि,गर्वँ दर्पे॑,गर्व्,शानच्,आन,शानच्,,SLP1,
172,0,,DEVANAGARI,गर्वँ ,भ्वादि,गर्वँ दर्पे॑,गर्व्,घञ्,अ,घञ्,गर्व,SLP1,
173,0,,DEVANAGARI,गर्वँ ,भ्वादि,गर्वँ दर्पे॑,गर्व्,ण्वुल्,अक,ण्वुल्,गर्वक,SLP1,
174,0,,DEVANAGARI,गर्वँ ,भ्वादि,गर्वँ दर्पे॑,गर्व्,ण्यत्,य,ण्यत्,गर्व्य,SLP1,
175,0,,DEVANAGARI,गर्वँ ,भ्वादि,गर्वँ दर्पे॑,गर्व्,ल्युट्,अन,ल्युट्,गर्वण,SLP1,
176,0,,DEVANAGARI,गर्वँ ,भ्वादि,गर्वँ दर्पे॑,गर्व्,यत्,य,यत्,,SLP1,
177,0,,DEVANAGARI,गर्वँ ,भ्वादि,गर्वँ दर्पे॑,गर्व्,क्त,त,क्त,गर्वित,SLP1,
178,0,,DEVANAGARI,गर्वँ ,भ्वादि,गर्वँ दर्पे॑,गर्व्,क्तवतुँ,तवत्,क्तवतुँ,गर्वितवत्,SLP1,
179,0,,DEVANAGARI,गर्वँ ,भ्वादि,गर्वँ दर्पे॑,गर्व्,अनीयर्,अनीय,अनीयर्,गर्वणीय,SLP1,
180,0,,DEVANAGARI,गर्वँ ,भ्वादि,गर्वँ दर्पे॑,गर्व्,तुमुँन्,तुम्,तुमुँन्,गर्वितुम्,SLP1,
181,0,,DEVANAGARI,गर्वँ ,भ्वादि,गर्वँ दर्पे॑,गर्व्,णमुँल्,अम्,णमुँल्,गर्वम्,SLP1,
182,0,,DEVANAGARI,गर्वँ ,भ्वादि,गर्वँ दर्पे॑,गर्व्,क्त्वा,त्वा,क्त्वा,गर्वित्वा/गर्वित्त्वा,SLP1,
183,0,,DEVANAGARI,गर्वँ ,भ्वादि,गर्वँ दर्पे॑,गर्व्,अप्,अ,अप्,,SLP1,
184,0,,DEVANAGARI,गर्वँ ,भ्वादि,गर्वँ दर्पे॑,गर्व्,अच्,अ,अच्,,SLP1,
185,0,,DEVANAGARI,गर्वँ ,भ्वादि,गर्वँ दर्पे॑,गर्व्,युच्,अन,युच्,,SLP1,
186,0,,DEVANAGARI,गर्वँ ,भ्वादि,गर्वँ दर्पे॑,गर्व्,क्तिन्,ति,क्तिन्,,SLP1,
187,0,,DEVANAGARI,गर्वँ ,भ्वादि,गर्वँ दर्पे॑,गर्व्,क्विँप्,वि,क्विँप्,,SLP1,
188,0,,DEVANAGARI,गर्वँ ,भ्वादि,गर्वँ दर्पे॑,गर्व्,तव्य,तव्य,तव्य,गर्वितव्य,SLP1,
189,0,,DEVANAGARI,गर्वँ ,भ्वादि,गर्वँ दर्पे॑,गर्व्,ण्युट्,अन,ण्युट्,,SLP1,
190,0,,DEVANAGARI,गर्वँ ,भ्वादि,गर्वँ दर्पे॑,गर्व्,थकन्,थक,थकन्,,SLP1,
191,0,,DEVANAGARI,गर्वँ ,भ्वादि,गर्वँ दर्पे॑,गर्व्,अ,अ,अ,गर्व,SLP1,
192,0,,DEVANAGARI,गमॢँ,भ्वादि,गमॢँ गतौ,गम्,शतृँ,अत्,शतृँ,गच्छत्,SLP1,
193,0,,DEVANAGARI,विदँ,अदादि,विदँ ज्ञाने॑,विद् ,शतृँ,अत्,शतृँ,विदत्,SLP1,
194,0,,DEVANAGARI,डुधा॒ञ्,जुहोत्यादि,डुधा॒ञ् धारणपोष॒णयोः॑ दा॒न इत्यप्येके॑,धा ,शतृँ,अत्,शतृँ,दधत्,SLP1,
195,0,,DEVANAGARI,नृतीँ,दिवादि,नृतीँ गात्रविक्षे॒पे,नृत् ,शतृँ,अत्,शतृँ,नृत्यत्,SLP1,
196,0,,DEVANAGARI,चि॒ञ्,स्वादि,चि॒ञ् चय॑ने,चि ,शतृँ,अत्,शतृँ,चिन्वत्,SLP1,
197,0,,DEVANAGARI,तृपँ,तुदादि,तृपँ तृप्तौ॑,तृप् ,शतृँ,अत्,शतृँ,तृपत्,SLP1,
198,0,,DEVANAGARI,भि॒दिँ॑र्,रुधादि,भि॒दिँ॑र् वि॒दार॑णे,भिद् ,शतृँ,अत्,शतृँ,भिन्दत्,SLP1,
199,0,,DEVANAGARI,तृणुँ॑ ,तनादि,तृणुँ॑ अद॑ने,तृण् ,शतृँ,अत्,शतृँ,तृण्वत्,SLP1,
200,0,,DEVANAGARI,डुक्री॒ञ् ,क्र्यादि,डुक्री॒ञ् द्रव्यविनिम॒ये,क्री ,शतृँ,अत्,शतृँ,क्रीणत्,SLP1,
201,0,,DEVANAGARI,भक्षँ ,चुरादि,भक्षँ अद॑ने,भक्ष् ,शतृँ,अत्,शतृँ,भक्षयत्,SLP1,
202,0,,DEVANAGARI,एधँ॒,भ्वादि,एधँ॒ वृद्धौ॑,एध् ,शानच्,आन,शानच्,एधमान,SLP1,
203,0,,DEVANAGARI,दुहँ,अदादि,दुहँ प्रपूरणे,दुह्,शानच्,आन,शानच्,दुहान,SLP1,
204,0,,DEVANAGARI,डुदा॒ञ्,जुहोत्यादि,डुदा॒ञ् दा॒ने,दा ,शानच्,आन,शानच्,ददान,SLP1,
205,0,,DEVANAGARI,बु॒धँ॒ ,दिवादि,बु॒धँ॒ अव॒गम॑ने,बुध् ,शानच्,आन,शानच्,बुध्यमान,SLP1,
206,0,,DEVANAGARI,धु॒ञ् ,स्वादि,धु॒ञ् कम्प॑ने,धु ,शानच्,आन,शानच्,धुन्वान,SLP1,
207,0,,DEVANAGARI,क्षि॒पँ॑,तुदादि,क्षि॒पँ॑ प्रेर॑णे,क्षिप् ,शानच्,आन,शानच्,क्षिपमाण,SLP1,
208,0,,DEVANAGARI,वि॒दँ॒,रुधादि,वि॒दँ॒ वि॒चार॑णे,विद् ,शानच्,आन,शानच्,विन्दान,SLP1,
209,0,,DEVANAGARI,तनुँ॑,तनादि,तनुँ॑ विस्ता॒रे,तन् ,शानच्,आन,शानच्,तन्वान,SLP1,
210,0,,DEVANAGARI,डुक्री॒ञ्,क्र्यादि,डुक्री॒ञ् द्रव्यविनिम॒ये,क्री ,शानच्,आन,शानच्,क्रीणाण,SLP1,
211,0,,DEVANAGARI,अर्चँ,चुरादि,अर्चँ पू॒जाया॑म्,अर्च् ,शानच्,आन,शानच्,अर्चयमान,SLP1,
212,0,,DEVANAGARI,पा,भ्वादि,पा पाने,पा,सन्,अ,सन्,पिपास,SLP1,
